CORREGIMIENTO,REGION,Image URL,Sem 11,Sem 12,Sem 13,Sem 14,Sem 15,Sem 16,Sem 17,Sem 18,Sem 19,Sem 20,Sem 21,Sem 22,Sem 23,Sem 24,Sem 25,Sem 26,Sem 27,Sem 28,Sem 29
24 DE DICIEMBRE,METROPOLITANA,,0,0.9,15.1,37.8,85.1,135.2,195.8,233.6,270.5,317.8,348,442.6,562.7,686.6,871,1043.1,1252.2,1467.8,1693.8
ACHIOTE,COLON,,0,0,0,0,0,0,0,0,0,0,0,0,0,0,0,0,0,117.2,117.2
AGUA FRIA,DARIEN,,0,0,0,0,0,34.8,34.8,34.8,69.6,69.6,69.6,69.6,69.6,69.6,139.1,173.9,347.8,382.6,452.2
AGUADULCE,COCLE,,0,0,19,38.1,38.1,38.1,57.1,57.1,66.7,76.2,76.2,76.2,114.3,123.8,152.4,238.1,295.2,361.9,523.8
AILIGANDI,GUNA YALA,,0,0,6.1,18.4,67.3,110.2,306.1,575.5,612.2,618.3,618.3,618.3,618.3,618.3,618.3,618.3,618.3,618.3,624.5
ALANJE,CHIRIQUI,,0,0,0,68.8,68.8,68.8,68.8,68.8,68.8,68.8,68.8,68.8,137.7,137.7,378.7,550.8,585.2,963.9,1445.8
ALCALDE DIAZ,PANAMA NORTE,,1.5,7.6,29.1,62.7,111.6,149.8,168.2,195.7,208,233.9,250.8,315,420.5,558.1,749.2,915.9,1253.8,1536.7,1770.7
ALMIRANTE,BOCAS DEL TORO,,0,0,0,0,0,0,18.2,18.2,18.2,36.3,36.3,54.5,72.7,163.5,436,599.6,872.1,1508,1998.5
ALTO BOQUETE,CHIRIQUI,,0,0,27,27,27,67.6,189.3,189.3,189.3,189.3,189.3,189.3,189.3,189.3,189.3,189.3,243.4,378.6,486.8
ALTO CABALLERO,NGOBE BUGLE,,0,0,0,0,0,0,0,0,0,0,0,0,0,0,0,34.2,68.4,102.7,136.9
AMADOR,PANAMA OESTE,,0,0,28.6,57.1,57.1,57.1,57.1,57.1,57.1,57.1,57.1,142.8,142.8,199.9,228.5,428.4,485.6,571.3,599.8
AMELIA DENIS DE ICAZA,SAN MIGUELITO,,2.3,9.1,49.9,68.1,118,136.2,165.7,211.1,261,311,358.6,438.1,624.2,792.2,1010.1,1259.8,1598,1884,2160.9
ANCON,METROPOLITANA,,5.8,21.3,48.5,79.5,178.3,226.7,288.8,341.1,387.6,424.4,463.2,515.5,573.7,643.4,707.4,827.5,969,1067.9,1184.1
ANTON,COCLE,,0,0,0,0,0,0,0,0,9.8,19.7,59,59,59,59,78.7,78.7,108.2,186.8,226.2
ARNULFO ARIAS,SAN MIGUELITO,,0,5.4,24.4,32.5,67.7,97.5,127.3,205.9,273.6,341.3,406.3,547.2,701.6,1053.8,1397.8,1668.7,1945.1,2229.5,2497.7
AROSEMENA,PANAMA OESTE,,0,0,0,0,0,0,0,0,0,0,0,0,0,0,0,0,0,361,902.5
ARRAIJAN,PANAMA OESTE,,1.7,5.2,33,131.8,275.8,345.2,430.1,529,627.9,725,815.2,988.6,1226.3,1469.1,1826.4,2225.3,2638.1,3018,3375.2
ASERRIO DE GARICHE,CHIRIQUI,,0,0,17,17,34.1,34.1,34.1,51.1,68.1,85.2,119.3,119.3,119.3,119.3,119.3,119.3,187.4,221.5,340.7
ATALAYA,VERAGUAS,,0,0,37.1,74.2,129.9,148.5,241.3,297,315.5,482.6,519.7,593.9,631,761,816.6,1002.2,1132.1,1410.5,1540.5
BACO,CHIRIQUI,,0,0,0,0,0,0,0,0,0,0,0,25.3,151.5,227.3,303,404,517.7,568.2,631.3
BAGALA,CHIRIQUI,,0,0,0,0,40.7,40.7,40.7,40.7,40.7,40.7,40.7,40.7,40.7,162.7,162.7,325.5,406.8,732.3,935.7
BAHIA HONDA,VERAGUAS,,0,0,0,0,96.1,96.1,96.1,96.1,96.1,96.1,96.1,96.1,96.1,96.1,96.1,96.1,96.1,96.1,96.1
BAJO BOQUETE,CHIRIQUI,,0,0,0,0,20.8,41.6,62.4,62.4,62.4,62.4,62.4,62.4,62.4,62.4,62.4,62.4,103.9,145.5,228.6
BAJO CEDRO,BOCAS DEL TORO,,0,0,0,0,0,0,0,0,0,0,0,0,192.7,192.7,192.7,192.7,192.7,289,385.4
BARRIADA 4 ABRIL,BOCAS DEL TORO,,0,0,0,0,0,0,0,0,0,0,92.9,92.9,742.8,1021.4,1392.8,1485.6,1578.5,1671.3,1764.2
BARRIADA GUAYMI,BOCAS DEL TORO,,0,0,0,0,0,0,11.4,11.4,11.4,11.4,11.4,11.4,11.4,34.3,45.8,91.6,91.6,114.5,263.3
BARRIO BALBOA,PANAMA OESTE,,0,5.8,32.2,43.9,64.3,73.1,84.8,102.4,108.2,131.6,149.2,201.8,228.1,272,365.6,485.5,585,722.4,862.8
BARRIO COLON,PANAMA OESTE,,2.5,7.4,14.7,58.8,85.8,110.3,152,176.5,191.2,213.3,237.8,286.8,357.9,419.2,549.2,654.6,784.5,968.4,1220.9
BARRIO FRANCES,BOCAS DEL TORO,,0,0,0,0,0,0,0,0,0,0,0,0,0,0,0,0,0,37,74
BARRIO NORTE,COLON,,0,4,4,8,12,15.9,19.9,27.9,27.9,31.9,35.9,47.8,55.8,87.7,143.5,227.2,346.8,490.3,637.8
BARRIO SUR,COLON,,0,0,0,0,0,17.5,17.5,17.5,17.5,17.5,17.5,29.2,52.5,116.8,128.4,233.5,344.4,414.5,595.5
BARRIOS UNIDOS,COCLE,,0,0,0,0,18.2,18.2,27.3,36.4,36.4,36.4,36.4,45.5,54.6,72.8,72.8,81.9,81.9,100,118.2
BASTIMENTO,BOCAS DEL TORO,,0,0,0,0,0,0,0,0,0,0,0,0,0,0,0,0,0,112,186.6
BEJUCO,PANAMA OESTE,,0,0,0,0,14.2,14.2,14.2,14.2,14.2,14.2,28.4,28.4,28.4,71,99.4,113.6,198.8,355.1,411.9
BELISARIO FRIAS,SAN MIGUELITO,,0,0,13.6,36.9,87.5,118.6,147.7,192.4,244.9,305.2,342.1,449,590.9,880.5,1238.2,1551.1,1842.7,2163.4,2600.7
BELISARIO PORRAS,SAN MIGUELITO,,3.5,5.2,19.2,40.1,111.5,135.8,175.9,263,320.4,395.3,461.5,637.4,815,1091.9,1454.1,1812.8,2182,2481.5,2826.3
BELLA VISTA,METROPOLITANA,,8.6,42.8,97,142.6,165.5,176.9,211.1,288.2,316.7,333.8,359.5,393.7,450.8,513.5,613.4,784.6,952.9,1138.3,1332.3
BETANIA,METROPOLITANA,,9.3,22.3,76.3,104.2,137.8,178.7,208.5,247.6,264.3,281.1,296,335.1,415.1,471,578.9,666.4,837.7,986.6,1122.5
BIJAGUAL,CHIRIQUI,,0,0,0,0,0,0,0,0,0,0,0,0,0,0,0,0,0,0,113.1
BISIRA,NGOBE BUGLE,,0,0,0,0,0,0,0,0,0,20.2,20.2,20.2,20.2,60.6,303,323.2,605.9,646.3,949.3
BISVALLES,VERAGUAS,,0,0,42.8,42.8,42.8,42.8,42.8,42.8,42.8,42.8,42.8,42.8,42.8,42.8,42.8,42.8,42.8,42.8,42.8
BOCA CHICA,CHIRIQUI,,0,0,0,0,0,0,0,0,0,0,0,0,0,0,0,0,0,183.5,183.5
BOCA DE BALSA,NGOBE BUGLE,,0,0,0,0,0,0,0,0,0,0,0,0,0,0,0,42.4,42.4,42.4,42.4
BOCA DE CUPE,DARIEN,,0,0,0,0,0,0,60.6,60.6,60.6,60.6,60.6,60.6,60.6,606.4,1758.6,2183.1,2486.4,2547,2547
BOCA DEL MONTE,CHIRIQUI,,0,0,0,0,0,0,0,0,0,0,0,0,0,0,0,44.7,44.7,44.7,89.4
BOCAS DEL TORO,BOCAS DEL TORO,,0,0,0,0,0,0,0,0,0,0,0,19.9,139.4,229,398.3,517.8,627.4,746.9,1005.8
BOQUERON,CHIRIQUI,,0,0,0,23.5,46.9,93.9,93.9,93.9,93.9,93.9,93.9,140.8,140.8,258.1,375.4,445.8,633.5,868.1,962
BORO,VERAGUAS,,0,0,0,0,0,0,0,0,0,0,0,0,0,0,0,0,0,164.2,164.2
BUENA VISTA,COLON,,0,0,0,5.8,11.6,17.4,17.4,23.2,23.2,23.2,29,46.3,104.3,156.4,260.6,353.3,480.7,683.5,1164.2
BUENOS AIRES,NGOBE BUGLE,,0,0,0,0,0,0,0,0,0,0,0,0,0,74.7,74.7,74.7,74.7,74.7,74.7
BUENOS AIRES,PANAMA OESTE,,0,0,0,0,0,0,0,0,0,0,0,0,0,0,0,0,0,37.7,37.7
BUGABA,CHIRIQUI,,0,0,0,0,0,71.7,71.7,71.7,95.6,143.3,143.3,143.3,143.3,262.8,453.9,764.5,1075,1791.7,2699.5
BURI,NGOBE BUGLE,,0,0,0,0,0,0,30.3,136.3,378.6,439.2,484.6,499.8,499.8,530.1,530.1,545.2,590.6,651.2,666.4
BURUNGA,PANAMA OESTE,,0,0,22.4,42.8,83.8,128.5,180.7,231,273.8,314.8,344.6,465.6,573.7,674.2,761.8,888.4,1030,1186.4,1348.5
CABALLERO,COCLE,,0,0,0,0,27.8,27.8,27.8,27.8,27.8,27.8,27.8,27.8,27.8,27.8,27.8,27.8,111.2,111.2,194.6
CABUYA,COCLE,,0,0,0,0,0,0,0,0,0,0,0,0,0,0,0,0,0,0,47.3
CABUYA,HERRERA,,0,0,0,0,0,0,0,0,0,0,0,0,0,0,0,0,169.9,594.7,1189.5
CABUYA,PANAMA OESTE,,0,0,0,0,0,0,0,0,0,0,0,0,183.9,183.9,229.9,229.9,229.9,229.9,321.8
CAIMITILLO,PANAMA NORTE,,0,3.8,11.3,33.9,60.3,60.3,64.1,75.4,83,109.3,128.2,158.4,252.6,350.7,497.7,588.2,720.2,920,1067
CAIMITO,PANAMA OESTE,,0,0,0,0,48.9,48.9,48.9,97.8,97.8,97.8,97.8,97.8,97.8,97.8,97.8,195.6,244.5,244.5,244.5
CAIZAN,CHIRIQUI,,0,0,34,34,34,34,34,34,34,34,34,34,34,34,34,34,102,102,102
CALIDONIA,METROPOLITANA,,0,4.7,60.5,181.4,311.6,386,446.5,507,581.4,669.7,874.4,1065.1,1288.3,1493,1739.5,1944.1,2148.7,2446.4,2627.8
CALOBRE,VERAGUAS,,0,0,0,0,0,0,0,0,0,0,0,0,0,38.2,38.2,76.4,267.4,267.4,305.6
CALOVEBORA O SANTA CATALINA O BLEDESHIA,NGOBE BUGLE,,0,0,0,0,0,0,0,0,0,0,0,0,0,0,58,173.9,318.8,405.8,405.8
CAMARON ARRIBA,NGOBE BUGLE,,0,0,0,0,0,0,0,0,0,0,0,0,0,0,20.8,20.8,20.8,41.5,41.5
CAMPANA,PANAMA OESTE,,0,0,0,0,0,0,37.9,151.7,151.7,151.7,151.7,189.6,189.6,189.6,227.5,303.4,303.4,341.3,379.2
CANTA GALLO,CHIRIQUI,,0,0,0,0,0,0,0,0,0,0,0,0,0,0,0,280.9,702.2,702.2,702.2
CANTO DEL LLANO,VERAGUAS,,0,0,0,0,69.9,116.5,174.7,232.9,232.9,314.5,314.5,396,489.2,594,710.5,815.3,966.7,1188,1386
CAÑAVERAL,COCLE,,0,11.9,11.9,11.9,11.9,23.8,23.8,23.8,23.8,23.8,23.8,23.8,23.8,23.8,47.6,47.6,107.1,154.7,214.2
CAÑAZAS,VERAGUAS,,0,0,18.1,18.1,36.1,36.1,36.1,54.2,54.2,54.2,54.2,72.3,72.3,72.3,72.3,72.3,72.3,144.5,271
CAÑITAS,PANAMA ESTE,,0,0,0,61.5,61.5,61.5,61.5,61.5,61.5,92.3,92.3,92.3,153.8,215.3,215.3,246.1,369.1,953.6,2153.2
CAPELLANIA,COCLE,,0,0,0,0,0,0,0,0,0,0,0,0,0,0,50.1,100.2,100.2,100.2,250.4
CAPIRA,PANAMA OESTE,,0,0,29.5,29.5,103.2,132.7,162.2,177,206.5,206.5,206.5,206.5,206.5,265.4,383.4,486.7,678.4,973.3,1342
CARLOS SANTANA AVILA,VERAGUAS,,0,0,0,0,0,0,22.7,22.7,22.7,22.7,22.7,45.5,45.5,45.5,90.9,181.8,272.7,409.1,590.9
CASCABEL,NGOBE BUGLE,,0,0,0,0,0,0,0,0,0,0,0,0,0,0,0,0,0,55.1,55.1
CATIVA,COLON,,0,2.3,6.9,16.2,16.2,30.1,53.2,69.4,74,78.6,85.5,94.8,127.1,161.8,226.6,302.8,404.6,568.7,762.9
CAUCHERO,BOCAS DEL TORO,,0,0,0,0,0,0,0,0,0,0,0,0,0,0,0,0,30.5,91.6,91.6
CERMEÑO,PANAMA OESTE,,0,0,0,0,42.2,42.2,42.2,42.2,42.2,42.2,42.2,42.2,42.2,42.2,42.2,42.2,42.2,42.2,42.2
CERRO BANCO,NGOBE BUGLE,,0,0,0,0,0,0,0,0,0,0,0,0,28.1,28.1,28.1,28.1,42.1,42.1,70.1
CERRO CAÑA,NGOBE BUGLE,,0,0,0,39.4,39.4,39.4,39.4,39.4,39.4,39.4,39.4,39.4,39.4,39.4,39.4,39.4,39.4,118.3,118.3
CERRO IGLESIAS,NGOBE BUGLE,,0,0,0,0,0,0,0,0,0,0,0,0,0,0,0,0,18.1,36.2,36.2
CERRO PELADO,NGOBE BUGLE,,0,0,0,0,0,0,0,0,0,0,0,0,30.5,152.6,305.3,702.1,946.3,1037.9,1129.4
CERRO PUERCO,NGOBE BUGLE,,0,0,0,0,0,0,0,0,0,0,0,0,0,0,0,0,36.7,110.2,165.3
CERRO PUNTA,CHIRIQUI,,0,0,0,0,0,0,0,0,0,0,0,0,0,0,0,0,14.3,584.9,827.4
CERRO SILVESTRE,PANAMA OESTE,,0,6,39.2,63.3,96.4,120.5,162.7,186.8,207.9,220,250.1,385.7,427.9,539.4,659.9,714.1,819.6,970.2,1148
CHAME,PANAMA OESTE,,0,0,0,0,0,0,32.3,64.6,64.6,96.9,96.9,193.9,226.2,323.1,387.7,549.3,1001.6,1195.5,1389.3
CHANGUINOLA,BOCAS DEL TORO,,0,0,0,0,0,0,6,18,30,48,96,264.1,474.2,1008.3,1584.5,2448.8,2965,4105.4,4423.5
CHEPIGANA,DARIEN,,0,0,0,0,0,0,0,0,0,0,0,0,0,0,0,132.3,264.6,264.6,264.6
CHEPO,HERRERA,,0,0,0,0,0,0,0,0,0,0,0,0,0,0,0,0,0,68.8,68.8
CHEPO,PANAMA ESTE,,0,3.6,3.6,21.3,92.5,128.1,174.3,199.2,245.4,305.9,352.2,394.8,583.4,843.1,1074.3,1351.7,1611.4,2034.7,2550.5
CHICHICA,NGOBE BUGLE,,0,0,0,0,0,0,0,0,0,0,0,0,0,0,0,23.4,584.1,1261.7,2172.9
CHIGUIRI ARRIBA,COCLE,,0,0,0,0,0,0,0,0,0,0,0,0,0,9.1,9.1,9.1,9.1,9.1,9.1
CHILIBRE,PANAMA NORTE,,3.5,5.2,32.9,60.5,129.7,233.4,250.7,290.5,311.2,330.2,356.2,406.3,453,551.5,686.4,862.8,1037.4,1201.6,1383.2
CHIMAN,PANAMA ESTE,,0,0,0,0,0,0,0,0,0,0,0,0,0,0,0,0,0,0,80.2
CHIRIQUI,CHIRIQUI,,0,0,0,0,0,0,0,0,0,0,0,0,0,0,0,0,59,98.3,491.3
CHIRIQUI GRANDE,BOCAS DEL TORO,,0,0,0,0,0,0,22.3,89.3,134,402.1,848.8,1384.9,1853.9,2144.3,2278.3,2345.3,2546.3,2635.7,2680.4
CHITRE,HERRERA,,0,0,0,0,0,0,0,0,0,0,0,0,9.7,9.7,9.7,29.1,48.5,48.5,106.8
CHUPA,LOS SANTOS,,0,0,0,0,0,0,0,0,0,0,0,0,0,0,0,0,210.5,210.5,210.5
CIRI GRANDE,PANAMA OESTE,,0,0,0,0,0,0,0,0,0,0,0,0,0,0,0,0,0,46.9,46.9
CIRICITO,COLON,,0,0,0,0,0,0,0,0,0,0,0,0,0,0,0,139,389.2,444.8,583.8
CIRILO GUAINORA,DARIEN,,0,0,0,0,0,0,0,0,0,0,0,0,109.4,947.9,1494.7,1786.4,1932.2,2150.9,2296.8
COCHEA,CHIRIQUI,,0,0,0,0,0,0,0,0,0,0,0,0,66.4,66.4,66.4,66.4,66.4,66.4,99.6
COCLE,COCLE,,0,0,0,0,0,0,0,0,0,0,0,0,0,0,22.1,44.2,88.4,154.8,199
COCLE DEL NORTE,COLON,,0,0,0,0,0,0,0,0,0,0,0,0,0,0,0,23.7,23.7,23.7,23.7
COMARCA MADUGANDI,PANAMA ESTE,,0,0,0,0,0,0,0,0,0,0,0,221.1,552.7,571.1,571.1,589.5,589.5,608,608
COMARCA WARGANDI,DARIEN,,0,0,0,171.5,274.3,308.6,308.6,548.7,617.3,754.5,891.6,891.6,891.6,891.6,925.9,925.9,925.9,925.9,925.9
COROZAL,VERAGUAS,,0,0,0,0,0,0,0,0,0,0,0,0,104.1,104.1,104.1,104.1,104.1,104.1,104.1
COSTA HERMOSA,VERAGUAS,,0,0,0,0,128.6,128.6,128.6,128.6,128.6,128.6,128.6,128.6,192.9,192.9,192.9,192.9,192.9,192.9,192.9
CRISTOBAL,COLON,,0,1.6,6.4,11.3,25.8,45.1,66.1,99.9,114.5,122.5,141.9,190.2,217.6,304.7,386.9,472.3,590,749.6,944.7
CUANGO,COLON,,0,0,0,0,0,0,0,0,0,0,0,0,0,0,0,0,0,185.9,185.9
CUCUNATI,DARIEN,,0,0,0,69.3,138.5,207.8,207.8,207.8,207.8,207.8,207.8,207.8,207.8,207.8,207.8,207.8,207.8,207.8,346.3
CURUNDU,METROPOLITANA,,0,0,16.9,101.5,287.6,513.1,682.3,941.6,1223.6,1528.1,1736.7,2148.3,2661.4,3044.8,3343.7,3625.6,4014.7,4324.8,4522.1
DAVID,CHIRIQUI,,0,0,28.6,32.6,44.9,57.1,69.4,69.4,77.5,85.7,114.2,138.7,204,342.7,526.3,1064.9,1721.7,2182.8,2623.4
DAVID ESTE,CHIRIQUI,,0,0,0,0,0,0,0,0,0,0,0,0,0,0,12.7,28.6,35,44.5,44.5
DAVID SUR,CHIRIQUI,,0,0,0,0,0,0,0,0,2.5,2.5,2.5,2.5,2.5,2.5,5,12.4,27.2,52,52
DIVALA,CHIRIQUI,,0,0,0,36.1,72.3,144.6,144.6,144.6,180.7,758.9,3324.9,3722.4,4842.8,5204.2,5710.2,5927,6143.8,6360.7,6577.5
DOLEGA,CHIRIQUI,,0,0,0,0,0,0,0,0,0,0,0,0,0,43,64.4,128.9,279.3,708.9,945.2
DON BOSCO,METROPOLITANA,,0,4.3,36.5,55.8,96.6,139.5,163.1,182.4,266.1,276.8,291.8,339,403.4,457,560,703.8,877.6,1085.7,1270.2
DOS RIOS,CHIRIQUI,,0,0,0,0,0,0,0,0,0,0,0,0,0,0,60,60,60,119.9,239.8
EDWIN FABREGA,VERAGUAS,,0,0,78.3,78.3,104.4,104.4,287,287,313.1,365.2,365.2,365.2,365.2,391.3,417.4,521.8,521.8,547.9,652.2
EL ARADO,PANAMA OESTE,,0,0,0,0,88.4,88.4,88.4,117.8,117.8,176.7,500.7,530.2,706.9,1001.5,1089.8,1119.3,1207.7,1443.3,1708.4
EL AROMILLO,VERAGUAS,,0,0,63.9,63.9,63.9,63.9,63.9,63.9,63.9,63.9,63.9,63.9,63.9,63.9,63.9,63.9,63.9,63.9,63.9
EL BARRERO,HERRERA,,0,0,0,0,0,0,0,102.2,102.2,102.2,102.2,102.2,102.2,102.2,102.2,102.2,102.2,102.2,102.2
EL BARRITO,VERAGUAS,,0,0,0,0,0,0,0,0,0,0,0,0,0,101,101,101,101,101,101
EL CACAO,PANAMA OESTE,,0,0,0,0,0,0,0,0,0,0,0,0,0,0,16.6,16.6,33.2,49.9,66.5
EL CAÑO,COCLE,,0,0,0,0,0,0,0,0,0,0,0,0,0,23.5,23.5,23.5,47,47,188
EL CEDRO,HERRERA,,0,0,0,0,0,0,0,0,0,0,0,0,0,0,0,0,189.8,189.8,379.5
EL CHIRU,COCLE,,0,0,0,0,25.8,25.8,25.8,25.8,25.8,25.8,25.8,25.8,25.8,25.8,25.8,25.8,25.8,51.7,77.5
EL CHORRILLO,METROPOLITANA,,0,0,24.8,94.2,213.2,297.5,411.5,540.5,679.3,818.1,1051.2,1418.1,1819.7,2201.5,2999.8,3679.1,4105.5,4507.1,5007.9
EL COCO,COCLE,,0,0,15.9,15.9,31.7,31.7,31.7,47.6,47.6,47.6,63.5,63.5,63.5,79.3,111.1,111.1,285.6,301.4,301.4
EL COCO,PANAMA OESTE,,0,0,4.1,20.4,57,73.3,97.8,122.2,130.4,134.5,163,232.3,264.9,338.2,411.6,533.8,676.4,851.6,1083.9
EL COPE,COCLE,,0,0,0,0,0,0,0,0,0,0,0,0,0,0,0,0,0,0,54.8
EL CRISTO,COCLE,,0,0,0,0,0,0,0,0,0,0,0,0,31.4,62.8,62.8,62.8,94.1,125.5,125.5
EL CUAY,VERAGUAS,,0,0,0,65.9,65.9,65.9,65.9,65.9,65.9,65.9,65.9,65.9,65.9,65.9,65.9,65.9,65.9,65.9,65.9
EL EJIDO,LOS SANTOS,,0,0,0,0,44.5,44.5,44.5,44.5,44.5,44.5,44.5,88.9,88.9,88.9,88.9,133.4,133.4,133.4,133.4
EL EMPALME,BOCAS DEL TORO,,0,0,0,0,4.1,8.2,16.4,16.4,20.4,28.6,28.6,102.2,212.6,323,478.4,531.5,670.6,789.1,887.3
EL ESPINO,PANAMA OESTE,,0,0,0,0,0,0,0,0,0,0,0,0,0,0,0,0,40,159.8,359.6
EL GUASIMO,COLON,,0,0,0,0,0,0,0,0,0,0,0,0,0,0,31.2,31.2,31.2,31.2,31.2
EL HARINO,COCLE,,0,0,0,0,0,0,0,17.6,35.2,35.2,35.2,35.2,35.2,35.2,35.2,35.2,35.2,52.8,193.5
EL HATO DE SAN JUAN DE DIOS,COCLE,,0,0,0,0,0,0,0,0,0,0,0,0,0,0,0,0,0,64.6,193.9
EL HIGO,PANAMA OESTE,,0,0,0,0,57.2,57.2,57.2,57.2,85.8,85.8,85.8,85.8,85.8,85.8,114.4,143,143,200.2,228.8
EL HIGO,VERAGUAS,,0,0,0,60.2,60.2,60.2,60.2,60.2,60.2,60.2,60.2,60.2,60.2,60.2,60.2,60.2,60.2,60.2,60.2
EL LIMON,HERRERA,,0,0,0,76.1,76.1,76.1,76.1,76.1,76.1,76.1,76.1,76.1,76.1,76.1,76.1,76.1,76.1,76.1,152.2
EL LLANO,PANAMA ESTE,,0,0,29.2,29.2,29.2,29.2,29.2,29.2,29.2,29.2,29.2,29.2,29.2,29.2,29.2,116.6,291.5,787.2,1341.1
EL MARAÑON,VERAGUAS,,0,0,0,0,0,40.2,40.2,40.2,40.2,40.2,40.2,40.2,160.9,160.9,160.9,160.9,160.9,160.9,160.9
EL PAJARO,HERRERA,,0,0,0,113,113,113,113,113,113,113,113,113,113,113,113,113,113,113,113
EL PIRO,NGOBE BUGLE,,0,0,0,0,0,0,0,0,0,0,0,0,0,0,0,112.1,784.8,1345.3,3139
EL PORVENIR,CHIRIQUI,,0,0,0,69.5,69.5,69.5,69.5,69.5,69.5,69.5,69.5,69.5,69.5,69.5,139.1,139.1,139.1,417.2,417.2
EL POTRERO,COCLE,,0,0,0,0,0,0,0,0,0,0,0,0,0,0,0,0,26.7,106.9,133.6
EL POTRERO,VERAGUAS,,0,0,0,0,0,0,0,0,0,0,0,0,0,0,0,0,0,0,146.8
EL PRADO,VERAGUAS,,0,0,0,0,0,0,0,0,0,0,0,0,0,0,0,87.8,87.8,87.8,87.8
EL REAL DE SANTAMARIA,DARIEN,,0,0,0,0,0,0,0,0,0,0,0,0,0,0,0,0,64.9,454.5,1363.6
EL ROBLE,COCLE,,0,0,0,0,0,0,0,16.9,84.6,118.4,118.4,118.4,118.4,169.2,186.1,219.9,219.9,236.8,253.8
EL SILENCIO,BOCAS DEL TORO,,0,0,0,0,0,0,0,0,0,0,0,0,52.6,263,420.8,946.9,1209.9,1472.9,1946.3
EL TEJAR,CHIRIQUI,,0,0,0,0,0,0,0,0,424.9,519.4,519.4,613.8,661,802.6,1322,1794.1,2124.6,2644,3021.7
EL TERIBE,BOCAS DEL TORO,,0,0,0,0,0,0,0,0,0,0,0,0,0,0,0,26.6,53.2,53.2,79.8
EL VALLE,COCLE,,0,0,0,12.3,12.3,12.3,12.3,12.3,12.3,12.3,12.3,24.7,24.7,24.7,37,61.7,209.7,209.7,246.7
EMPLANADA DE CHORCHA,NGOBE BUGLE,,0,0,0,0,0,0,0,0,0,0,0,0,0,0,0,38.1,38.1,38.1,38.1
ERNESTO CORDOBA CAMPOS,PANAMA NORTE,,3.5,6.9,25.5,38.2,74.1,94.9,111.1,127.3,140,155.1,174.8,226.8,302.1,437.5,575.2,722.2,848.4,983.8,1142.3
ESCOBAL,COLON,,0,0,0,0,0,0,0,0,0,0,0,0,0,0,69.7,139.5,244.1,453.3,627.6
FEULLET,PANAMA OESTE,,0,0,0,0,28.5,28.5,57.1,85.6,85.6,114.2,114.2,142.7,171.3,485.3,542.4,713.7,1027.7,1199,1313.2
FINCA 30,BOCAS DEL TORO,,0,0,0,11.1,11.1,11.1,11.1,11.1,11.1,11.1,11.1,11.1,66.9,379,501.6,613.1,724.6,1059,1215
FINCA 6,BOCAS DEL TORO,,0,0,0,0,0,0,0,0,0,0,0,0,54.9,155.5,237.9,301.9,338.5,457.5,494.1
FINCA 60,BOCAS DEL TORO,,0,0,0,0,0,0,0,0,0,0,0,57.5,287.3,488.4,560.2,732.5,847.5,1048.5,1134.7
GATUCITO,VERAGUAS,,0,0,0,0,0,0,0,0,0,0,0,0,0,0,0,0,0,196.1,196.1
GOMEZ,CHIRIQUI,,0,0,0,0,0,0,0,0,0,0,0,0,0,0,34.7,34.7,34.7,34.7,34.7
GUABITO,BOCAS DEL TORO,,0,0,0,8.2,8.2,8.2,16.4,24.6,24.6,24.6,24.6,24.6,49.2,81.9,213,278.6,335.9,557.1,639.1
GUACA,CHIRIQUI,,0,0,0,0,0,0,0,0,0,0,0,0,0,0,0,0,44.8,89.6,89.6
GUADALUPE,PANAMA OESTE,,0,2.4,21.6,50.3,98.2,134.2,182.1,230,251.6,275.5,297.1,376.2,409.7,493.6,615.7,773.9,953.6,1176.4,1372.8
GUALACA,CHIRIQUI,,0,0,0,65.8,65.8,65.8,65.8,65.8,65.8,65.8,82.3,82.3,82.3,98.8,115.2,115.2,148.1,181.1,444.4
GUARUMAL,CHIRIQUI,,0,0,0,0,0,0,0,0,0,0,0,0,0,0,0,39.4,433.2,512,512
GUARUMAL,VERAGUAS,,0,0,0,0,0,0,0,55.7,55.7,55.7,55.7,55.7,55.7,55.7,55.7,55.7,55.7,55.7,55.7
GUAYABAL,CHIRIQUI,,0,0,0,0,0,0,0,0,0,0,0,0,0,0,0,0,0,0,44.6
GUAYABITO,NGOBE BUGLE,,0,0,0,0,0,0,0,0,0,0,0,0,0,0,42.8,42.8,42.8,42.8,42.8
GUAYABITO,PANAMA OESTE,,0,0,0,0,0,0,0,0,0,0,0,0,0,0,0,0,0,0,159.5
HATO CULANTRO,NGOBE BUGLE,,0,0,0,0,0,0,0,0,0,0,0,0,0,0,0,0,0,31.8,31.8
HATO JOBO,NGOBE BUGLE,,0,0,0,0,0,0,0,0,0,0,0,0,0,0,47.3,47.3,47.3,47.3,47.3
HATO JULY,NGOBE BUGLE,,0,0,0,0,0,0,0,0,0,0,0,0,0,0,0,0,0,43.9,43.9
HATO PILON,NGOBE BUGLE,,0,0,0,0,0,0,0,0,0,0,0,0,0,0,0,0,0,57.2,85.7
HERRERA,PANAMA OESTE,,0,24.3,48.6,267.5,510.7,656.6,997.1,1361.9,1702.3,1969.8,2067.1,2383.3,2723.7,3404.7,3988.3,4669.3,5666.3,7149.8,8852.1
HICACO,VERAGUAS,,0,0,46.5,46.5,46.5,46.5,46.5,46.5,46.5,46.5,46.5,46.5,46.5,93.1,93.1,93.1,93.1,93.1,93.1
HORNITO,CHIRIQUI,,0,0,0,0,0,0,0,0,0,0,0,0,0,0,0,0,0,0,79.9
HURTADO,PANAMA OESTE,,0,0,0,0,0,0,0,0,0,0,0,0,0,0,0,0,66,66,66
ITURRALDE,PANAMA OESTE,,0,0,0,0,0,0,0,0,0,0,0,0,0,58.1,58.1,58.1,58.1,116.2,232.4
JAQUE,DARIEN,,0,0,0,0,0,0,0,0,0,0,0,0,0,0,41.1,41.1,41.1,41.1,41.1
JARAMILLO,CHIRIQUI,,0,0,0,0,0,0,0,0,0,0,0,0,0,0,0,0,0,34.1,34.1
JOSE DOMINGO ESPINAR,SAN MIGUELITO,,0,10.6,33.5,51.1,82.8,102.2,123.3,151.5,172.6,193.7,209.6,239.5,304.7,345.2,449.1,544.2,669.3,826,1000.4
JUAN DEMOSTENES AROSEMENA,PANAMA OESTE,,3.9,13.8,49.4,77,136.3,173.8,211.3,278.4,343.6,387,424.6,511.5,578.6,695.1,859,1048.6,1246.1,1406,1635.1
JUAN DIAZ,COCLE,,0,0,0,0,0,0,0,0,0,0,0,0,0,0,0,0,0,0,35.3
JUAN DIAZ,METROPOLITANA,,8.5,34.2,75.5,118.2,163.8,220.8,272.1,329.1,383.2,421.7,448.7,487.2,582.6,709.4,873.2,1084.1,1297.8,1571.3,1891.8
KANKINTU,NGOBE BUGLE,,0,0,0,0,0,0,0,0,0,0,0,0,0,202.8,829.8,1198.6,1198.6,1751.8,2120.6
KUSAPIN,NGOBE BUGLE,,0,0,0,0,0,0,0,0,0,0,0,0,0,164.4,187.8,234.8,540,727.9,939.2
LA ARENA,HERRERA,,0,0,0,11.9,11.9,11.9,11.9,11.9,11.9,11.9,23.8,23.8,23.8,23.8,23.8,47.5,59.4,107,166.4
LA CARRILLO,VERAGUAS,,0,0,0,0,0,0,0,0,0,0,0,0,0,0,151.7,151.7,151.7,151.7,151.7
LA COLORADA,LOS SANTOS,,0,0,0,0,0,0,278.3,649.4,649.4,649.4,649.4,649.4,649.4,649.4,649.4,649.4,742.1,742.1,742.1
LA COLORADA,VERAGUAS,,0,0,133.3,177.8,177.8,177.8,177.8,222.2,222.2,222.2,266.7,266.7,311.1,311.1,355.6,400,400,444.4,488.9
LA CONCEPCION,CHIRIQUI,,0,0,0,0,0,0,0,0,0,0,6,6,6,36.3,48.4,84.7,151.2,193.5,241.9
LA ERMITA,PANAMA OESTE,,0,0,0,0,0,0,0,0,0,0,0,0,0,0,0,0,47.8,143.3,143.3
LA ESMERALDA,PANAMA ESTE,,0,0,0,0,0,0,0,0,0,0,0,0,0,0,0,0,0,0,154.1
LA ESPIGADILLA,LOS SANTOS,,0,0,0,0,0,0,0,0,0,0,0,0,0,0,0,0,55.9,55.9,111.8
LA ESTRELLA,CHIRIQUI,,0,0,0,20.3,20.3,20.3,20.3,20.3,20.3,20.3,20.3,20.3,20.3,40.6,61,61,121.9,182.9,223.5
LA GLORIA,BOCAS DEL TORO,,0,0,0,0,0,0,0,0,0,0,0,22.4,44.8,44.8,67.2,67.2,67.2,89.6,112
LA GUINEA,PANAMA ESTE,,0,0,0,0,0,0,0,0,0,0,0,0,0,0,943.4,943.4,943.4,943.4,943.4
LA LAGUNA,PANAMA OESTE,,0,0,0,0,0,0,0,0,0,67.1,67.1,67.1,67.1,67.1,67.1,67.1,67.1,67.1,134.1
LA LAGUNA,VERAGUAS,,0,0,0,0,125.5,125.5,125.5,125.5,125.5,125.5,125.5,125.5,125.5,125.5,125.5,125.5,125.5,125.5,125.5
LA MESA,VERAGUAS,,0,0,0,0,0,0,62.2,186.5,186.5,186.5,217.6,248.7,341.9,341.9,373,590.6,652.8,715,870.4
LA PALMA,DARIEN,,0,0,0,23.3,69.8,162.9,162.9,162.9,162.9,162.9,162.9,162.9,162.9,186.2,186.2,186.2,186.2,232.8,279.3
LA PALMA,LOS SANTOS,,0,0,0,0,0,0,0,0,0,0,0,0,0,0,0,0,0,0,76
LA PASERA,LOS SANTOS,,0,0,0,0,0,0,0,0,0,104.2,104.2,104.2,104.2,104.2,104.2,104.2,104.2,104.2,104.2
LA PAVA,COCLE,,0,0,0,0,0,0,0,54.4,54.4,54.4,54.4,54.4,54.4,54.4,54.4,54.4,54.4,54.4,108.9
LA PEÑA,VERAGUAS,,0,0,23.2,23.2,23.2,46.4,116,139.1,139.1,185.5,185.5,231.9,255.1,626.2,672.5,672.5,718.9,742.1,858.1
LA PINTADA,COCLE,,0,0,0,19.4,38.9,38.9,38.9,58.3,58.3,58.3,58.3,58.3,97.2,194.5,291.7,311.2,369.5,389,427.8
LA RAYA DE SANTA MARIA,VERAGUAS,,0,0,0,0,0,0,0,0,0,0,0,0,0,0,0,0,44.3,88.5,132.8
LA REPRESA,PANAMA OESTE,,0,0,0,0,0,0,121.8,121.8,243.6,243.6,243.6,243.6,243.6,243.6,365.4,365.4,365.4,365.4,487.2
LA TIZA,LOS SANTOS,,0,0,0,0,0,0,0,0,0,0,0,0,0,0,0,0,0,56.1,56.1
LA TRINCHERA,VERAGUAS,,0,0,0,0,0,0,57.6,57.6,115.1,115.1,115.1,115.1,115.1,115.1,115.1,115.1,115.1,115.1,115.1
LA TRINIDAD,PANAMA OESTE,,0,0,0,0,0,0,0,0,0,0,0,0,0,0,0,0,31.8,63.5,63.5
LA VILLA DE LOS SANTOS,LOS SANTOS,,0,0,0,11.7,11.7,23.4,23.4,23.4,23.4,23.4,23.4,23.4,35.2,35.2,46.9,58.6,70.3,105.5,105.5
LAJAS BLANCAS,DARIEN,,0,0,0,19.8,39.6,59.4,79.1,98.9,98.9,138.5,138.5,138.5,138.5,850.8,1226.8,1226.8,1563.1,1622.5,1800.6
LAJERO,NGOBE BUGLE,,0,0,0,0,0,0,0,0,0,0,0,0,0,0,28.6,114.4,114.4,143,200.2
LAS CUMBRES,PANAMA NORTE,,5.8,21.4,44.8,64.3,120.8,150.1,177.3,206.6,243.6,278.7,300.1,382,485.3,615.8,841.9,1017.3,1344.7,1629.2,1911.8
LAS GARZAS,METROPOLITANA,,0,0,0,4.2,50.9,67.9,110.3,165.5,186.7,199.5,254.6,271.6,369.2,475.3,551.7,729.9,950.6,1052.5,1243.4
LAS LAJAS,CHIRIQUI,,0,0,0,0,0,0,0,0,0,0,0,0,0,0,0,0,0,117,117
LAS LAJAS,PANAMA OESTE,,21.7,21.7,21.7,21.7,21.7,21.7,21.7,21.7,21.7,21.7,21.7,21.7,21.7,21.7,43.5,43.5,43.5,43.5,86.9
LAS LOMAS,CHIRIQUI,,0,0,0,17,17,25.6,34.1,38.4,38.4,38.4,38.4,38.4,42.6,93.8,119.3,191.8,268.5,379.4,528.5
LAS LOMAS,COCLE,,0,0,0,0,0,0,0,0,0,0,0,0,0,0,0,37,74,74,184.9
LAS MARGARITAS,PANAMA ESTE,,0,0,0,0,47.6,158.7,174.6,190.4,206.3,222.2,238.1,238.1,269.8,380.9,618.9,730,904.6,1222,1571.2
LAS OLLAS ARRIBA,PANAMA OESTE,,0,0,0,0,63.5,253.8,253.8,253.8,253.8,253.8,253.8,253.8,253.8,253.8,253.8,317.3,317.3,571.1,571.1
LAS PALMAS,VERAGUAS,,0,0,0,0,0,0,45.9,45.9,45.9,45.9,45.9,91.9,91.9,183.7,183.7,183.7,229.7,367.5,367.5
LAS TABLAS,BOCAS DEL TORO,,0,0,0,0,0,0,0,0,0,7.4,7.4,7.4,7.4,22.1,73.7,117.9,140,176.9,324.3
LAS TABLAS,LOS SANTOS,,0,0,0,0,0,0,0,0,0,0,0,0,20.7,20.7,20.7,20.7,20.7,20.7,20.7
LEONES,HERRERA,,0,0,0,0,0,237.2,237.2,237.2,237.2,237.2,237.2,237.2,237.2,237.2,237.2,237.2,237.2,237.2,237.2
LIDICE,PANAMA OESTE,,0,15.2,30.4,45.6,136.9,152.1,167.3,182.5,197.7,197.7,212.9,212.9,243.3,288.9,288.9,319.3,501.8,684.3,745.1
LIMON,COLON,,0,0,0,0,0,0,0,17.8,53.5,53.5,71.4,124.9,124.9,142.8,267.7,303.4,321.2,571,785.2
LLANO ABAJO,LOS SANTOS,,0,0,0,0,0,0,0,0,0,0,0,0,0,0,0,0,0,0,670
LLANO BONITO,HERRERA,,0,0,0,0,0,0,0,0,0,0,0,0,0,36.9,36.9,92.3,147.7,147.7,193.9
LLANO DE CATIVAL,VERAGUAS,,0,0,0,0,0,0,0,0,0,0,0,0,158.4,514.6,514.6,514.6,633.4,910.5,989.7
LLANO DE PIEDRA,LOS SANTOS,,0,0,0,0,0,0,0,39.7,39.7,39.7,39.7,39.7,39.7,39.7,39.7,39.7,39.7,79.3,79.3
LLANO GRANDE,COCLE,,0,0,0,0,0,0,0,0,0,0,0,0,0,0,70,70,70,93.4,93.4
LLANO LARGO,LOS SANTOS,,0,0,0,0,0,0,0,0,0,0,0,0,0,0,0,82.8,82.8,82.8,124.2
LLANO NORTE,COCLE,,0,0,0,0,0,0,0,0,0,0,0,0,0,0,0,0,25.8,25.8,25.8
LOS ALGARROBOS,CHIRIQUI,,0,0,0,9.7,9.7,9.7,9.7,9.7,9.7,9.7,9.7,29.1,48.4,48.4,87.2,125.9,154.9,261.5,319.6
LOS ALGARROBOS,VERAGUAS,,0,0,0,32.7,98.1,147.1,163.5,245.2,310.6,376,392.3,425,425,474.1,490.4,572.2,588.5,637.6,752
LOS ANASTACIOS,CHIRIQUI,,0,0,0,0,0,0,0,0,0,0,0,0,0,60.9,152.2,274,426.2,456.6,517.5
LOS CANELOS,HERRERA,,0,0,0,0,0,0,0,0,0,0,0,0,58.2,58.2,58.2,58.2,58.2,116.4,291
LOS CASTILLOS,VERAGUAS,,0,0,0,0,0,0,0,0,0,0,0,0,0,0,0,0,0,0,164.5
LOS DIAZ,PANAMA OESTE,,0,0,0,0,65.5,131.1,131.1,131.1,131.1,131.1,131.1,131.1,131.1,131.1,196.6,589.8,655.3,786.4,917.4
LOS LLANITOS,PANAMA OESTE,,0,0,0,0,0,0,0,0,0,0,0,0,0,0,0,0,0,23.7,23.7
LOS MILAGROS,VERAGUAS,,0,0,0,0,0,0,0,0,171.7,171.7,171.7,171.7,171.7,171.7,171.7,171.7,171.7,171.7,257.5
LOS NARANJOS,CHIRIQUI,,0,0,0,0,0,0,0,0,0,0,0,0,0,21.4,21.4,21.4,149.9,171.3,278.4
LOS OLIVOS,LOS SANTOS,,0,0,0,0,0,0,0,75,75,75,75,75,75,75,75,75,75,75,75
LOS POZOS,HERRERA,,0,0,44.2,44.2,44.2,44.2,44.2,44.2,44.2,44.2,44.2,44.2,44.2,44.2,44.2,44.2,44.2,44.2,132.5
MACARACAS,LOS SANTOS,,0,0,0,0,0,75.6,75.6,75.6,75.6,75.6,75.6,75.6,75.6,75.6,75.6,75.6,113.4,453.5,718.1
MANCREEK,NGOBE BUGLE,,0,0,0,0,0,0,0,0,0,0,0,30.1,45.1,45.1,45.1,45.1,45.1,45.1,45.1
MANUEL ORTEGA,DARIEN,,0,0,0,0,45.7,45.7,45.7,45.7,45.7,45.7,45.7,45.7,91.4,91.4,137,182.7,182.7,182.7,182.7
MAÑANITAS,METROPOLITANA,,0,0,7.7,20.1,60.3,92.7,145.3,183.9,224.1,272,333.8,395.6,459,537.8,667.6,811.3,992.1,1271.8,1519.1
MARIA CHIQUITA,COLON,,0,0,34.6,34.6,34.6,69.2,103.8,103.8,103.8,103.8,103.8,103.8,103.8,103.8,103.8,138.5,207.7,207.7,380.8
MATEO ITURRALDE,SAN MIGUELITO,,0,0,52.2,89.5,149.2,179,238.6,298.3,313.2,343.1,395.3,447.5,529.5,626.4,745.8,977,1342.4,1603.4,2043.4
MENDOZA,PANAMA OESTE,,0,0,0,0,0,66.3,132.6,198.9,265.3,265.3,331.6,397.9,596.8,862.1,1127.3,1259.9,1392.6,1392.6,1392.6
METETI,DARIEN,,0,0,0,68.5,462.3,522.3,633.6,736.3,864.7,881.8,890.4,933.2,1198.6,1344.2,1566.8,1969.2,2217.5,2542.8,2679.8
MIRAMAR,BOCAS DEL TORO,,0,0,0,0,0,64,64,448.1,1472.5,1728.6,1728.6,1792.6,1792.6,1792.6,1856.6,1856.6,1856.6,1856.6,1856.6
MONAGRILLO,HERRERA,,0,0,0,7.3,7.3,7.3,7.3,7.3,7.3,14.5,14.5,14.5,14.5,14.5,21.8,72.7,152.6,167.2,283.4
MONTE LIRIO,CHIRIQUI,,0,0,0,0,0,0,0,0,0,0,0,0,0,0,0,0,53.5,53.5,160.6
MONTIJO,VERAGUAS,,0,40.1,40.1,40.1,80.2,80.2,80.2,80.2,80.2,80.2,80.2,80.2,120.2,240.5,280.6,400.8,561.1,761.5,881.8
NAMNONI,NGOBE BUGLE,,0,0,0,0,0,0,0,0,0,0,0,0,0,0,0,0,0,0,47.7
NARGANA,GUNA YALA,,0,0,9.7,9.7,48.4,48.4,150,261.3,440.4,551.7,609.8,638.8,696.9,701.7,721.1,740.4,784,822.7,856.6
NATA,COCLE,,0,0,13.1,26.2,26.2,26.2,26.2,26.2,26.2,26.2,26.2,26.2,26.2,91.7,144.1,157.2,209.6,235.8,327.6
NIBA,NGOBE BUGLE,,0,0,0,0,0,0,0,0,0,0,47.3,47.3,47.3,47.3,47.3,47.3,47.3,47.3,47.3
NOMBRE DE DIOS,COLON,,0,0,0,0,0,0,0,0,0,0,0,0,77.9,77.9,77.9,77.9,77.9,77.9,77.9
NUEVA CALIFORNIA,CHIRIQUI,,0,0,15.1,15.1,15.1,15.1,15.1,15.1,15.1,15.1,15.1,15.1,15.1,15.1,15.1,15.1,30.3,45.4,75.7
NUEVA GORGONA,PANAMA OESTE,,0,0,0,37.4,37.4,37.4,37.4,37.4,37.4,37.4,37.4,37.4,93.4,112.1,149.4,149.4,224.2,224.2,242.9
NUEVA PROVIDENCIA,COLON,,0,0,12.2,24.5,36.7,49,61.2,61.2,61.2,61.2,61.2,85.7,97.9,110.1,146.9,171.3,232.5,342.7,575.2
NUEVO CHAGRES,COLON,,0,0,0,0,0,0,0,0,0,0,0,0,0,0,0,0,0,0,967.7
NUEVO EMPERADOR,PANAMA OESTE,,18.9,18.9,37.9,170.4,265,340.7,416.4,511.1,567.9,586.8,624.6,719.3,965.4,1041.1,1249.3,1552.1,2006.4,2309.3,2725.7
NUEVO MEXICO,CHIRIQUI,,0,0,0,0,0,0,0,0,0,2371.5,2608.7,2766.8,2806.3,2924.9,2924.9,2964.4,2964.4,2964.4,3043.5
NUEVO SANTIAGO,VERAGUAS,,0,0,0,158.6,370.2,423.1,475.9,475.9,475.9,475.9,475.9,1745.1,2115.3,2273.9,2591.2,2855.6,2855.6,3225.8,4230.6
OBALDIA,PANAMA OESTE,,0,151.3,151.3,302.6,453.9,453.9,453.9,453.9,453.9,453.9,453.9,453.9,453.9,453.9,453.9,453.9,453.9,605.1,756.4
OCU,HERRERA,,0,0,0,0,0,0,0,0,0,0,0,0,13.8,13.8,13.8,13.8,27.5,41.3,110.2
OLA,COCLE,,0,0,0,0,0,0,54.6,54.6,54.6,54.6,54.6,54.6,54.6,54.6,54.6,54.6,327.7,327.7,327.7
OMAR TORRIJOS,SAN MIGUELITO,,2.3,9.4,21.1,53.8,93.6,112.3,152.1,201.2,224.6,238.6,264.3,327.5,449.1,718.2,1041,1389.5,1698.3,2058.6,2470.3
PACORA,PANAMA ESTE,,0,5.8,25.3,66.1,145.7,221.5,285.6,375,427.4,474.1,571.2,1018.1,1391.1,1711.7,2078.9,2389.8,2657.9,3100.9,3489.5
PAJONAL,COCLE,,0,0,0,6.7,13.5,20.2,27,40.4,40.4,40.4,53.9,53.9,53.9,60.7,67.4,67.4,67.4,94.4,94.4
PALENQUE,COLON,,0,0,0,0,0,0,0,0,0,0,0,0,213.2,213.2,213.2,213.2,213.2,213.2,1066.1
PALMAS BELLAS,COLON,,0,0,0,0,0,47.6,47.6,47.6,47.6,47.6,47.6,47.6,47.6,47.6,47.6,47.6,47.6,95.3,333.5
PALMIRA,CHIRIQUI,,0,0,0,0,0,0,0,0,0,0,0,0,0,0,0,0,0,0,211.8
PARIS,HERRERA,,0,0,0,0,0,0,0,0,0,0,0,0,0,0,0,0,0,0,88.3
PARITA,HERRERA,,0,0,0,0,0,0,0,0,0,0,0,0,0,0,26,52,78,181.9,415.8
PARQUE LEFEVRE,METROPOLITANA,,0,14.1,44.7,94.2,164.8,190.7,223.7,242.5,268.5,299.1,320.3,357.9,435.6,520.4,694.7,887.8,1144.4,1424.7,1631.9
PASO ANCHO,CHIRIQUI,,0,0,0,0,0,0,0,0,0,0,0,0,0,0,169.5,169.5,169.5,1129.9,1581.9
PEDASI,LOS SANTOS,,0,0,0,0,0,0,0,0,0,0,0,0,0,0,0,0,74,185,222.1
PEDREGAL,CHIRIQUI,,0,0,0,45.2,45.2,90.3,90.3,90.3,180.7,180.7,180.7,361.3,858.2,2348.7,2981,3703.7,4110.2,4516.7,5555.6
PEDREGAL,METROPOLITANA,,0,10.3,27.5,54.9,106.4,161.3,240.2,329.4,406.6,501,545.6,638.3,724.1,849.3,1099.8,1321.2,1599.1,2012.6,2424.4
PENONOME,COCLE,,0,0,7.8,19.6,19.6,19.6,23.5,50.9,50.9,50.9,50.9,54.8,58.7,66.5,82.2,97.9,144.8,191.8,309.2
PESE,HERRERA,,0,0,0,36.6,36.6,36.6,36.6,73.3,73.3,73.3,73.3,73.3,73.3,73.3,73.3,109.9,109.9,109.9,109.9
PIEDRAS GORDAS,COCLE,,0,0,0,0,0,0,0,0,0,0,0,0,0,0,0,20.2,20.2,20.2,20.2
PILON,VERAGUAS,,0,0,0,0,0,0,0,0,0,0,0,0,0,0,0,0,181,362,995.5
PINOGANA,DARIEN,,0,0,0,0,0,0,0,0,0,0,0,0,0,0,0,0,1449.3,1449.3,1449.3
PIÑA,COLON,,0,0,0,0,0,0,0,0,0,0,0,0,0,0,0,0,0,97.8,195.5
PLAYA LEONA,PANAMA OESTE,,0,38.8,87.3,145.5,271.6,339.5,446.2,504.4,533.5,611.1,698.4,931.2,1096.1,1290.1,1610.2,1794.5,2085.6,2745.2,3307.8
POCRI,COCLE,,0,13.1,13.1,13.1,39.3,39.3,52.5,65.6,65.6,65.6,65.6,65.6,91.8,104.9,104.9,104.9,131.1,170.5,196.7
PONUGA,VERAGUAS,,0,64.9,324.3,324.3,324.3,324.3,324.3,324.3,324.3,324.3,324.3,454,454,518.8,583.7,648.5,648.5,907.9,1167.3
PORTOBELILLO,HERRERA,,0,0,0,0,0,0,0,0,0,0,0,0,0,0,0,0,0,0,106.8
PORTOBELO,COLON,,0,0,0,0,0,0,0,0,0,0,18.7,18.7,37.3,56,186.7,205.4,317.4,522.8,616.1
POTRERILLOS,CHIRIQUI,,0,0,0,0,0,0,0,0,0,0,0,0,0,0,63.9,127.7,127.7,127.7,191.6
POTUGA,HERRERA,,0,0,88,88,88,88,88,88,88,88,88,88,88,88,88,88,88,88,263.9
PROGRESO,CHIRIQUI,,0,0,0,0,0,0,0,0,0,7.9,15.8,15.8,15.8,71.1,165.8,260.6,355.4,679.1,797.6
PUEBLO NUEVO,METROPOLITANA,,0,13.8,50.6,119.7,170.3,211.7,225.5,248.5,257.7,276.2,326.8,372.8,437.2,635.2,874.5,1063.2,1261.1,1551.1,1739.8
PUEBLOS UNIDOS,COCLE,,0,0,0,0,0,0,0,0,0,0,0,0,0,0,0,25.2,25.2,25.2,25.2
PUERTO ARMUELLES,CHIRIQUI,,0,0,0,4.7,9.3,9.3,9.3,9.3,9.3,9.3,14,18.7,42,70,116.6,200.6,485.1,671.6,750.9
PUERTO CAIMITO,PANAMA OESTE,,0,8.1,44.8,118.1,191.3,232,297.2,350.1,398.9,439.6,488.5,574,712.4,875.2,1148,1412.6,1620.2,1994.7,2548.3
PUERTO OBALDIA,GUNA YALA,,0,0,0,0,0,0,0,0,0,0,0,0,105.8,105.8,105.8,105.8,105.8,105.8,211.6
PUERTO PILON,COLON,,0,0,9.4,9.4,9.4,14.1,32.9,56.3,56.3,61,61,61,70.4,93.9,136.2,169,267.6,333.4,582.2
PUNTA CHAME,PANAMA OESTE,,0,0,0,168.4,336.7,505.1,505.1,505.1,505.1,505.1,505.1,505.1,505.1,505.1,505.1,505.1,505.1,505.1,505.1
PUNTA PEÑA,BOCAS DEL TORO,,0,0,0,0,0,0,0,30,90,90,120,120,120,120,120,120,120,240,240
QUEBRADA DE PIEDRA,CHIRIQUI,,0,0,0,0,0,0,0,0,0,0,0,0,0,85.5,85.5,170.9,170.9,170.9,170.9
QUEREVALO,CHIRIQUI,,0,0,0,0,0,0,0,0,0,0,0,0,0,0,0,53.9,107.9,107.9,161.8
RAMBALA,BOCAS DEL TORO,,0,0,0,0,0,0,0,0,0,0,86.4,86.4,172.8,388.8,388.8,432,604.8,691.1,691.1
REMANCE,VERAGUAS,,0,0,0,0,0,0,0,0,0,0,0,0,0,0,0,0,0,59.8,119.5
REMEDIOS,CHIRIQUI,,0,0,109.1,109.1,109.1,109.1,109.1,109.1,109.1,109.1,109.1,109.1,109.1,109.1,109.1,218.1,218.1,218.1,436.2
RINCON,CHIRIQUI,,0,0,0,0,0,0,0,0,0,0,0,0,0,60.8,60.8,60.8,60.8,60.8,182.5
RIO ABAJO,METROPOLITANA,,0,3.3,33.2,66.4,79.7,89.7,109.6,335.5,445.1,478.3,504.9,548.1,860.3,1066.3,1272.2,1601.1,1873.4,2076.1,2341.8
RIO CONGO,DARIEN,,0,0,0,0,0,0,0,0,0,0,0,0,0,0,0,0,64.4,64.4,64.4
RIO DE JESUS,VERAGUAS,,0,0,0,37.7,37.7,37.7,37.7,37.7,37.7,37.7,37.7,37.7,37.7,37.7,150.6,263.6,263.6,263.6,301.2
RIO GRANDE,COCLE,,0,0,0,0,0,0,0,0,0,0,0,0,0,0,0,0,0,29.6,59.1
RIO GRANDE,VERAGUAS,,0,0,0,0,0,0,53.1,53.1,53.1,53.1,53.1,53.1,53.1,53.1,53.1,53.1,53.1,53.1,53.1
RIO HATO,COCLE,,0,0,28.7,45.9,57.4,57.4,63.1,63.1,68.8,68.8,68.8,74.6,86,86,97.5,109,126.2,195,206.5
RIO IGLESIAS,DARIEN,,0,0,0,0,0,0,0,0,0,0,0,0,0,0,56.6,56.6,169.9,169.9,169.9
RIO INDIO,COLON,,0,0,0,0,84.7,84.7,84.7,84.7,84.7,84.7,84.7,84.7,84.7,84.7,84.7,84.7,84.7,84.7,84.7
RIO SABALO,DARIEN,,0,0,0,41.1,41.1,41.1,41.1,41.1,41.1,41.1,41.1,41.1,41.1,41.1,41.1,41.1,41.1,41.1,41.1
RIO SERENO,CHIRIQUI,,0,0,0,0,0,0,0,0,0,0,0,0,0,14.9,14.9,14.9,29.8,29.8,29.8
RODEO VIEJO,VERAGUAS,,0,0,0,0,0,0,0,0,0,0,0,95.1,142.7,142.7,190.3,190.3,190.3,190.3,190.3
RODOLFO AGUILAR DELGADO,CHIRIQUI,,0,0,0,0,6.5,6.5,6.5,6.5,6.5,6.5,6.5,25.9,123.2,246.3,356.5,551,700.1,823.2,946.4
RODRIGO LUQUE,VERAGUAS,,0,0,0,0,21.9,30.7,87.8,188.7,219.4,280.8,320.3,359.8,386.1,399.3,399.3,421.2,443.1,473.9,513.3
ROKA,NGOBE BUGLE,,0,0,0,0,0,0,0,0,0,0,0,0,0,0,29.5,29.5,29.5,29.5,29.5
RUFINA ALFARO,SAN MIGUELITO,,1.7,15.1,30.1,53.6,82,98.7,108.8,123.8,138.9,159,167.4,194.1,251,314.6,384.9,460.2,577.4,712.9,868.6
SABANA GRANDE,HERRERA,,0,0,0,0,0,0,0,0,0,0,0,0,0,0,0,0,0,0,181.9
SABANA GRANDE,LOS SANTOS,,0,0,49.4,98.9,98.9,98.9,98.9,98.9,98.9,98.9,98.9,98.9,98.9,98.9,98.9,98.9,98.9,98.9,98.9
SABANITAS,COLON,,0,0,4.4,8.8,17.5,30.7,39.4,52.6,57,65.7,65.7,74.5,118.3,184.1,320,583,1038.8,1521,2283.7
SAJALICES,PANAMA OESTE,,0,0,0,0,33.7,33.7,33.7,33.7,33.7,33.7,33.7,33.7,33.7,101.1,101.1,101.1,134.8,168.5,235.9
SALAMANCA,COLON,,0,0,0,0,20.3,40.6,60.9,60.9,60.9,60.9,60.9,60.9,81.2,142.1,182.7,243.7,467,649.7,873.1
SALUD,COLON,,0,0,0,0,0,0,0,0,0,0,0,0,0,0,0,0,39.8,39.8,39.8
SAMBOA,NGOBE BUGLE,,0,0,0,0,0,0,0,0,0,0,114,152,228.1,228.1,228.1,228.1,228.1,228.1,228.1
SAMBU,DARIEN,,0,0,0,0,0,0,0,0,0,0,0,0,0,0,0,0,195.7,684.9,880.6
SAN ANDRES,CHIRIQUI,,0,0,0,0,0,0,0,0,0,0,0,0,0,38.3,38.3,38.3,38.3,76.5,76.5
SAN ANTONIO,VERAGUAS,,0,28.7,57.4,143.6,315.8,373.2,488.1,545.5,545.5,545.5,545.5,660.4,689.1,746.5,803.9,918.7,1004.9,1091,1493
SAN CARLOS,CHIRIQUI,,0,0,0,17.7,17.7,17.7,17.7,17.7,17.7,17.7,17.7,17.7,17.7,17.7,17.7,17.7,53,88.3,159
SAN CARLOS,PANAMA OESTE,,0,0,0,0,0,0,0,0,0,0,0,0,0,0,62.9,62.9,104.9,188.8,251.8
SAN FELIPE,METROPOLITANA,,0,29.3,117.1,175.7,263.5,292.8,292.8,322.1,380.7,380.7,410,614.9,849.2,1376.3,1815.5,2020.5,2166.9,2313.3,2430.5
SAN FELIX,CHIRIQUI,,0,0,31.3,62.6,62.6,62.6,62.6,62.6,62.6,62.6,62.6,62.6,156.5,313.1,532.2,563.6,688.8,1189.7,1315
SAN FRANCISCO,METROPOLITANA,,11.6,60.2,137.8,231,283.4,322.2,368.7,434.7,473.5,496.8,506.5,547.3,638.5,776.3,927.7,1079.1,1271.2,1430.3,1639.9
SAN FRANCISCO,VERAGUAS,,0,0,0,0,0,0,0,0,0,0,0,0,0,162.8,244.2,284.9,325.6,1709.4,2849
SAN ISIDRO,CHIRIQUI,,0,0,0,16.4,16.4,16.4,16.4,32.8,32.8,98.5,98.5,98.5,98.5,98.5,98.5,131.3,131.3,147.7,164.1
SAN JOSE,PANAMA OESTE,,0,0,0,0,0,0,0,0,0,0,0,0,0,0,0,0,0,31.6,63.2
SAN JOSE,VERAGUAS,,0,0,0,0,0,0,0,0,0,0,0,0,0,0,0,0,0,1402.5,2805
SAN JOSE DEL GENERAL,COLON,,0,0,0,0,0,0,72.7,145.5,145.5,145.5,145.5,145.5,145.5,145.5,145.5,145.5,145.5,145.5,145.5
SAN JUAN,CHIRIQUI,,0,0,0,0,59.2,59.2,59.2,59.2,59.2,59.2,59.2,59.2,59.2,59.2,59.2,59.2,59.2,118.4,236.8
SAN JUAN,COLON,,0,0,13.7,27.5,50.4,82.4,82.4,87,105.3,128.2,155.6,183.1,260.9,329.6,439.5,631.8,824,1039.2,1336.8
SAN JUAN,VERAGUAS,,0,0,0,0,58.2,58.2,58.2,58.2,58.2,58.2,58.2,58.2,58.2,174.5,174.5,174.5,174.5,174.5,232.7
SAN JUAN BAUTISTA,HERRERA,,0,0,0,0,0,7.5,7.5,7.5,7.5,7.5,7.5,7.5,7.5,7.5,7.5,30.2,82.9,105.5,158.3
SAN JUAN DE DIOS,COCLE,,0,0,0,0,0,0,0,0,0,0,20.2,20.2,20.2,40.5,60.7,80.9,121.4,121.4,141.6
SAN LORENZO,CHIRIQUI,,0,0,0,0,0,0,0,0,0,0,0,0,0,0,0,159.4,398.6,757.3,1195.7
SAN MARCELO,VERAGUAS,,0,0,0,0,0,0,0,0,0,0,0,0,0,0,0,0,0,162.1,162.1
SAN MARTIN,PANAMA ESTE,,0,0,0,14.4,158.5,201.8,475.6,605.3,893.5,965.6,1023.2,1109.7,1239.4,1297,1369.1,1570.8,1801.4,2132.9,2464.3
SAN MARTIN DE PORRES,VERAGUAS,,0,0,86,258,859.8,1547.7,2923.5,3611.3,3783.3,3955.3,4127.3,4471.2,4815.1,4901.1,6104.9,9802.2,11264,12467.8,14445.4
SAN MIGUEL,PANAMA ESTE,,0,0,0,0,0,0,0,0,0,0,0,0,0,0,0,77.5,155,155,232.6
SAN PABLO NUEVO,CHIRIQUI,,0,0,0,0,0,0,0,0,0,0,0,0,0,146.7,342.3,489,782.4,880.2,929.1
SAN PABLO VIEJO,CHIRIQUI,,0,0,34.9,34.9,34.9,55.8,55.8,62.7,62.7,62.7,62.7,62.7,76.7,83.6,97.6,146.4,181.2,257.9,285.8
SAN PEDRO DEL ESPINO,VERAGUAS,,0,0,0,0,225,225,225,225,225,281.2,281.2,281.2,281.2,337.5,731.2,731.2,731.2,731.2,731.2
SANTA ANA,METROPOLITANA,,0,14.8,182.8,340.9,464.5,553.4,662.1,795.5,840,874.6,919.1,998.1,1166.1,1363.8,1605.9,1813.4,2006.1,2223.5,2584.2
SANTA CLARA,PANAMA OESTE,,0,0,0,36,107.9,107.9,107.9,143.9,143.9,215.8,215.8,215.8,215.8,215.8,215.8,251.8,323.7,323.7,539.6
SANTA CRUZ,CHIRIQUI,,0,0,0,0,0,0,0,0,0,0,0,0,0,0,0,0,0,123.5,123.5
SANTA FE,DARIEN,,0,0,0,18.8,131.3,337.5,393.8,431.3,450,487.5,506.3,506.3,506.3,1518.8,2793.9,3450.2,3956.5,4125.3,4406.5
SANTA FE,VERAGUAS,,0,0,0,0,0,0,0,0,0,0,0,0,0,0,30.7,30.7,122.9,276.5,276.5
SANTA ISABEL,COLON,,0,0,0,0,0,0,0,0,0,0,0,0,0,0,0,0,295,295,1179.9
SANTA MARIA,HERRERA,,0,0,0,0,0,0,0,56.1,56.1,56.1,56.1,56.1,56.1,112.3,112.3,112.3,112.3,112.3,505.3
SANTA MARTA,CHIRIQUI,,0,0,25.7,128.5,128.5,154.2,154.2,154.2,154.2,154.2,154.2,179.9,179.9,205.5,359.7,462.5,539.6,591,719.4
SANTA RITA,PANAMA OESTE,,0,42.5,85.1,85.1,85.1,170.1,212.7,212.7,212.7,212.7,212.7,212.7,297.7,297.7,340.3,382.8,467.9,510.4,553
SANTA ROSA,COLON,,0,0,0,0,0,0,0,0,0,0,0,0,0,0,0,0,158.6,158.6,713.7
SANTA ROSA,PANAMA OESTE,,0,0,0,0,0,0,0,0,0,0,0,0,0,0,0,140.7,140.7,187.6,187.6
SANTIAGO,VERAGUAS,,0,9.3,46.3,111.2,148.2,171.4,227,291.9,324.3,356.7,407.7,1501,1630.7,1723.3,1853.1,2033.7,2223.7,2492.4,2649.9
SANTO DOMINGO,CHIRIQUI,,0,0,0,0,35.2,35.2,35.2,35.2,35.2,35.2,35.2,35.2,70.4,70.4,105.6,105.6,105.6,176.1,281.7
SANTO DOMINGO,LOS SANTOS,,0,0,0,0,0,0,0,0,0,0,0,0,0,0,0,0,0,45.4,136.1
SANTO TOMAS,CHIRIQUI,,0,0,69.6,69.6,69.6,69.6,69.6,69.6,69.6,69.6,69.6,69.6,69.6,139.2,139.2,139.2,139.2,278.4,347.9
SOLANO,CHIRIQUI,,0,0,0,0,0,0,0,0,0,0,0,0,0,0,0,0,18.1,90.7,127
SOLOY,NGOBE BUGLE,,0,0,0,0,0,0,0,14.8,14.8,14.8,14.8,59.3,74.1,74.1,74.1,74.1,133.4,148.2,266.8
SONA,VERAGUAS,,0,25.7,94.4,120.1,120.1,120.1,120.1,120.1,120.1,120.1,120.1,137.2,188.7,223,248.8,274.5,334.5,403.2,523.2
SORA,PANAMA OESTE,,0,0,0,0,0,0,0,0,0,0,0,0,0,0,0,0,0,90.6,135.9
SORTOVA,CHIRIQUI,,0,0,0,0,0,0,0,0,0,0,0,0,0,0,0,0,38.1,76.3,76.3
SUSAMA,NGOBE BUGLE,,0,0,0,0,0,0,0,0,0,0,0,0,264.6,264.6,264.6,264.6,264.6,291.1,370.5
TABOGA,METROPOLITANA,,0,0,0,0,0,0,0,0,0,0,0,0,0,0,109.9,329.7,769.2,1428.6,1538.5
TEBARIO,VERAGUAS,,0,0,0,0,0,0,0,0,182.8,182.8,182.8,182.8,182.8,182.8,182.8,182.8,182.8,182.8,182.8
TIJERAS,CHIRIQUI,,0,34.2,34.2,34.2,34.2,34.2,34.2,34.2,34.2,34.2,34.2,34.2,34.2,102.7,273.9,342.3,513.5,513.5,513.5
TINAJAS,CHIRIQUI,,0,0,0,0,0,0,0,0,0,0,0,0,0,0,0,0,0,64.4,128.8
TOABRE,COCLE,,0,0,0,0,0,0,0,0,0,9.3,9.3,9.3,9.3,18.6,233.1,372.9,410.2,419.5,503.4
TOCUMEN,METROPOLITANA,,0,7.3,20.4,50.6,106.9,151,207.3,293.8,370.5,437.4,492.9,580.2,662.6,768.7,903.4,1083.7,1233.9,1459.9,1676.2
TOLE,CHIRIQUI,,0,0,0,0,0,0,0,0,0,0,0,0,0,0,0,0,86.4,144.1,230.5
TOLOTE,NGOBE BUGLE,,0,0,0,0,0,0,0,0,0,0,0,0,0,0,0,52.4,52.4,52.4,52.4
TORTI,PANAMA ESTE,,0,8.6,8.6,17.2,25.8,25.8,34.3,34.3,34.3,103,171.7,188.9,223.3,223.3,334.9,429.4,575.4,815.8,979
TOZA,COCLE,,0,0,0,0,0,0,0,0,0,0,0,0,74.2,74.2,74.2,74.2,74.2,74.2,74.2
TUBUALA,GUNA YALA,,0,0,10.6,10.6,10.6,10.6,10.6,10.6,10.6,10.6,10.6,10.6,10.6,10.6,10.6,10.6,10.6,10.6,21.3
TUCUTI,DARIEN,,0,0,0,0,0,0,0,0,0,0,0,0,0,0,86.3,86.3,86.3,86.3,86.3
TULU,COCLE,,0,0,0,0,0,0,0,0,0,0,0,0,0,0,20.1,20.1,20.1,20.1,20.1
TUWAI,NGOBE BUGLE,,0,0,0,0,0,0,0,45.8,732.1,892.2,915.1,915.1,960.9,960.9,960.9,1029.5,1281.2,1372.7,2173.4
URRACA,VERAGUAS,,0,0,0,0,0,0,0,0,0,0,0,0,0,0,0,0,70.4,70.4,70.4
UTIRA,VERAGUAS,,0,0,0,0,0,0,0,0,0,0,0,283.3,283.3,283.3,283.3,283.3,283.3,283.3,283.3
VALLE DE AGUA ARRIBA,BOCAS DEL TORO,,0,0,0,0,0,0,0,0,0,0,0,0,0,18.5,18.5,18.5,18.5,18.5,18.5
VALLE DEL RISCO,BOCAS DEL TORO,,0,0,0,0,0,0,0,0,0,0,0,0,17.3,51.8,51.8,51.8,51.8,86.3,138.1
VERACRUZ,METROPOLITANA,,0,22,61.6,171.6,360.9,510.5,792.1,985.8,1056.2,1104.6,1197,1298.2,1395.1,1593.1,1747.1,1861.5,1958.4,2165.2,2424.9
VICTORIANO LORENZO,SAN MIGUELITO,,0,0,43.6,70.8,152.4,179.7,196,217.8,239.5,294,337.5,419.2,500.8,631.5,762.2,876.5,1121.5,1388.2,1704
VIGUI,VERAGUAS,,0,0,0,0,0,0,0,0,0,0,0,0,0,0,0,97.1,97.1,97.1,97.1
VILLA CARMEN,PANAMA OESTE,,0,0,0,0,0,0,0,0,0,0,0,0,0,60.7,182,182,242.7,364.1,424.8
VILLA ROSARIO,PANAMA OESTE,,0,0,50.6,50.6,67.5,84.4,151.9,151.9,151.9,151.9,151.9,168.7,185.6,219.4,354.4,371.2,421.9,556.9,641.2
VILLARREAL,COCLE,,0,0,0,54.1,54.1,54.1,54.1,81.2,81.2,81.2,81.2,81.2,81.2,135.3,162.4,162.4,162.4,162.4,162.4
VIRGEN DEL CARMEN,COCLE,,0,0,0,0,0,0,0,0,0,0,0,0,48,59.9,59.9,59.9,59.9,59.9,95.9
VISTA ALEGRE,PANAMA OESTE,,0,14.7,46.7,94.6,145.3,177.3,217.3,285.3,330.6,367.9,413.2,494.5,607.8,761.1,1002.4,1166.4,1431.6,1711.6,2027.5
VOLCAN,CHIRIQUI,,0,0,0,15.3,15.3,15.3,15.3,15.3,15.3,15.3,15.3,15.3,15.3,15.3,15.3,30.6,76.6,153.2,306.4
YAPE,DARIEN,,0,0,0,0,0,0,0,0,0,0,0,0,0,0,0,0,0,749.1,749.1
YAVIZA,DARIEN,,0,0,0,62.1,155.3,170.9,217.5,233,233,264.1,295.1,357.3,434.9,2407.6,3417.2,3945.3,4349.2,4877.3,5125.8
ZAPALLAL,DARIEN,,0,0,0,0,148.5,148.5,148.5,148.5,148.5,148.5,148.5,148.5,148.5,148.5,148.5,247.5,247.5,247.5,247.5
